company_name,country,firm_id
Medanito S.A.,AR,2021599
Scc Power Argentina S.A.,AR,13842957
Mb Ivanic D.O.O. Ljubuski,BA,3696900
Pass D.O.O. Bijeljina,BA,8561701
Kronos AD,BG,4957557
Bioset OOD,BG,3642432
Icover Services EOOD,BG,13352912
Appfire Bulgaria EOOD,BG,8441551
Magnetar EOOD,BG,14610528
Everway OOD,BG,14633179
Lbg Brasil Administracao Ltda.,BR,1150601
Agro Pecuaria Quagliato S.A.,BR,1140756
Gree Electric Appliances do Brasil Ltda.,BR,1148474
Later Engenharia Ltda.,BR,3592518
Dax Energy Equipamentos e Sistemas Ltda.,BR,5482482
Panelinhas do Brasil Cozinha e Restaurante Jk Ltda.,BR,5487793
Galheta Ferramentas Ltda.,BR,5492040
Azevedo & Travassos S.A.,BR,1141699
Rumo Malha Sul S.A.,BR,1140939
Sc Distribuicao Ltda.,BR,1146188
Vert-11 Companhia Securitizadora de Creditos Financeiros e Comerciais,BR,13427096
Refinaria de Manaus S.A.,BR,13500279
Borrachas Vipal S.A.,BR,1142356
Oi S.A. - Em Recuperacao Judicial,BR,1142483
Vulcabras S.A.,BR,1156881
Azzas 2154 S.A.,BR,1141291
Brf S.A.,BR,1152650
Tracao S.A.,BR,1155930
Nsp Investimentos S.A.,BR,5487065
Acu Petroleo Investimentos S.A.,BR,4890187
Isolux Corsan do Brasil Ltda.,BR,3302387
Holding Xs 1 S.A.,BR,12737848
2 Aliancas Participacoes Ltda.,BR,1140008
Catalao Veiculos Ltda.,BR,1143110
Ipso Facto Assessoria de Marketing e Comunicacao Ltda.,BR,1149736
Nsp Investimentos S.A.,BR,5487065
Autovias S.A.,BR,1141654
Rdn Concessoes e Participacoes Ltda.,BR,1153822
Fortunceres S.A.,BR,17178529
Csixers Holding S.A.,BR,9622024
Construtora Tenda S.A.,BR,12765184
Xs2 Vida e Previdencia S.A.,BR,12711276
H&Pc Brazil Participacoes S.A.,BR,12965949
Thunnus Participacoes S.A.,BR,4046650
Porto Seguro Assistencia e Servicos S.A.,BR,14865107
Gsfrp Participacoes S.A.,BR,5449221
Heliporto do Acu S.A.,BR,16142375
Taua Brasil Palma S.A.,BR,9485775
Celba - Centrais Eletricas Barcarena S.A.,BR,5486857
Explotaciones Sanitarias S.A.,CL,2444107
GFI Brokers (Chile) Agentes de Valores SpA,CL,2443905
Unispan Chile S.A.,CL,3317869
Invexans S.A.,CL,1160774
Club Hipico de Santiago S.A.,CL,1160280
"Hubei Mingke Commerce and Trade Co., Ltd",CN,16359572
"Tianjin Hengda Weiye Investment Co., Ltd",CN,3654121
"Chongqing Hailiang Metal Material Co., Ltd.",CN,9387407
"Guangzhou Guangri Stock Co., Ltd",CN,1738703
"Bazhou Jinghua Metal Product Co., Ltd",CN,3578780
"Cofco Excel Joy (Tianjin) Co., Ltd.",CN,4984075
Jiangxi Provincial Water Conservancy Investment Group Corp.,CN,16549598
"Shiyan Heyonze New Building Materials Co., Ltd",CN,17165354
"Guangdong Hongtu Technology(Holdings) Co.,Ltd",CN,2313824
"Anhui Wanwei Updated High-Tech Material Industry Co.,Ltd",CN,1736879
"Alar City Huixin Financial Consulting Co., Ltd",CN,16382241
"Tianjin Jiacheng Metal Material Co., Ltd",CN,16271055
"Jilin Yatai (Group) Co.,Ltd.",CN,1740330
"Gansu Ju Finance & Tax Accounting Affairs Co., Ltd",CN,16380640
"Hainan Xingwu Fire Safety Engineering Co., Ltd",CN,16366728
"Hubei Enyu Waterproof and Anticorrosion Engineering Co., Ltd",CN,16359297
"Luoyang Changxing Agricultural Machinery Co., Ltd",CN,5204740
"Guangxi Guangtou Petrochemical Co., Ltd",CN,16364907
"Kai Yue Auto Parts Manufacturing (Zhangjiakou)co., Ltd.",CN,9368637
"Luohe Anzhe Construction Labor Service Subcontracting Co., Ltd",CN,16353122
"Shiyan City Pengteng Construction Labor Service Co., Ltd",CN,16357420
Changbai Chaoxian Autonomous County Linfeng Fungus Co. Ltd,CN,17150013
"Yizheng City Hengnan Intelligent Technology Co., Ltd",CN,16286097
"Shaanxi Hande Axle Co., Ltd.",CN,5345697
"Chifeng chen shun construction labor service co., ltd",CN,16281079
"Zibo Qixiang Tengda Chemical Sales Co., Ltd",CN,16341404
"Tongliao City Fengyue Construction Engineering Co., Ltd",CN,16281337
"Chongqing Re-creation Yongchuang Metal Material Co., Ltd",CN,16369346
"Xinjiang Joinworld Co.,Ltd.",CN,1730886
"Sichuan Langjiu Co., Ltd.",CN,5328063
"Hunan Liangang Steel Products Processing and Distribution Co., Ltd",CN,9382363
"Fujian Gaoyi Energy-saving Technology Co., Ltd",CN,16327773
"Erdos Mengtai Aluminum Co., Ltd",CN,12908081
"Wuhan Rural Commercial Bank Co., Ltd",CN,3652772
"Inner Mongolia Zhihuan Construction Engineering Co., Ltd",CN,16282573
"Liaoning Hongxu Construction Development Co., Ltd",CN,14100452
"Zhangqiu City Huinong New Rural Construction Investment and Development Co., Ltd",CN,16338628
"Tom YIN SENQI BIOTECHNOLOGY CO., LTD",CN,17164127
"Hangxiao Steel Structure Co.,Ltd",CN,1734864
"Laiwu Finance & Finance International Trade Co., Ltd",CN,9376275
"Guangdong Baolihua New Energy Stock Co.,Ltd",CN,1738859
"Nanchong Jinyirun Financial Information Co., Ltd",CN,16372202
"Meihua Construction Co., Ltd",CN,5156533
"Guangxi Huiyu Grain and Oil Industry Co., Ltd",CN,5306658
"Hebei New Wu'an Lron And Steel Group Hong Rong Lron And Steel Co., Ltd",CN,4999035
"Guangxi Zhongjin Metal Technology Co., Ltd.",CN,5307398
"Hebi Coal Industry (Group) Co., Ltd",CN,5207022
Siete24 S.A.S,CO,1180037
A P Seguros y Cia Ltda,CO,1180104
Gou Payments S.A Easpbv,CO,1180125
A Z Seguridad y Equipos Ltda,CO,1180141
A. Menendez & Compania Limitada,CO,1180151
A. Holguin Ingenieria S.A.S.,CO,1180171
A.M.H. Servicios Ltda,CO,1180173
A F Trost Hansen - Productos Dancali S en C,CO,1180075
A.B. Confort S.A.S.,CO,1180194
Abl Internacional S.A.,CO,1180232
Acciones y Servicios S.A.S.,CO,1180312
Aceite Rendidor S.A.S.,CO,1180325
Administradores Hoteleros y Cia. Ltda. en Liquidacion,CO,1180564
Aeroexpress del Ecuador Transam CIA Ltda,CO,1180638
Transportes Mega S A S,CO,1180712
A.B. Confort S.A.S.,CO,1180194
Aeroexpress del Ecuador Transam CIA Ltda,CO,1180638
Agrosemillas S.A.,CO,1181332
Americaflor Fusionada S.A.S.,CO,1182181
Andagoya Ltda en Liquidacion,CO,1182304
Angel Diagnostica S.A.S.,CO,1182398
Auto Palacio S.A.,CO,1183412
Brilladora Occidental Limitada,CO,1184519
Castellanos Garcia - Herrera - Transportes Etul S.A.S.,CO,1185957
Granadina Soluciones Juridicas S.A.S.,CO,1187093
Comercializadora Cruman Ltda,CO,1187782
CIA de Vigilancia Privada Especializada Ltda Covipe Ltda,CO,1188588
Conjunto Las Delicias Y La Juanita Ltda,CO,1189045
Transportes Ari y CIA S.A.S.,CO,1193409
Inter Redes Y Conectores Sas,CO,1200030
Inversiones 103 S.A.S,CO,1200369
Inversiones Acevedo Rojas y Cia S.C.S.,CO,1200395
Inversiones Kasahstan Sas,CO,1201543
Inversiones Kivazi Limitada,CO,1201547
Inversiones Thoumi Y Compania S. En C.,CO,1202516
Inversiones Torres Loboguerrero S A S,CO,1202532
Inversiones Toscana Y Cia Ltda,CO,1202534
Jorge Enrique Gonzalez Soler Y Cia S. En C.,CO,1203483
Jorge Ghisays R. e Hijos Ltda,CO,1203486
Jose Ramon Morales Ruiz Y Cia S En C,CO,1203558
Latina De Comunicaciones Y Construcciones Limitada,CO,1204466
Pilotos Practicos del Caribe Pilcar S.A.S.,CO,1209235
Rivera Ramirez y Ricaurte Rivertur Ltda,CO,1212170
Sociedad Transportadora de Carga S.A Sotracar S.A,CO,1214491
Sulco S.A.,CO,1214953
Banco Hipotecario De La Vivienda,CR,14784610
Struers S.R.O.,CZ,4874861
Senecura Seniorcentrum Mopt A.S.,CZ,4899689
Innosped S.R.O.,CZ,16575376
Hidalgo E Hidalgo S.A.,EC,1219065
El Tecal C.A. Elteca,EC,2404933
NabuMinds OU,EE,13268355
Aktsiaselts Hansa Candle,EE,2344694
P. DUSSMANN EESTI Osauhing,EE,8420839
OU Bestair,EE,3570468
Premium d.o.o.,HR,8547776
Veterinarska Ambulanta Martes d.o.o.,HR,9930654
Vjetroelektrana Bruvno d.o.o.,HR,17007664
Adrihub d.o.o.,HR,21619412
JELD-WEN Magyarorszag Kft.,HU,2417604
FEHERVILL-AM Kft.,HU,2599833
Autoneum Magyarorszag Kft.,HU,14089281
Burkle Hungary Kft.,HU,13167701
Kumyang Electric Hungary Kft.,HU,14769370
SPECUAL Kereskedelmi Korlatolt Felelossegu Tarsasag felszamolas alatt,HU,3209350
RWi Zrt.,HU,2416351
Pt. Pertamina Hulu Energi,ID,7309667
Pt Sumber Alfaria Trijaya Tbk,ID,2436711
Pt. Muara Bukit Billiton,ID,14798921
Pt. Alamtri Resources Indonesia Tbk.,ID,2405579
PT Prima Vijaya Indah Tour,ID,7317880
Pt Kemagi Multi Gemilang,ID,22176746
PT Dragon Forever,ID,14648808
PT Swadharma Kerry Satya,ID,13397376
PT Yang Mandiri Utama Sukses,ID,7299695
Pt. Venture Electronics Indonesia,ID,21619995
PT Rubber Duck Snack Industry,ID,16448969
PT Tropik Energi Pandan,ID,7310487
PT Sam Sam Jaya Garments,ID,7291800
PT Buana Baja Sukses,ID,12890102
PT Prima Jabar Steel,ID,7291693
Reliance Retail Ventures Limited,IN,3308235
Samsung India Electronics Private Limited,IN,2390384
Hpcl-Mittal Energy Limited,IN,2616613
Gujarat Urja Vikas Nigam Limited,IN,3749734
V2 Retail Ltd.,IN,2334571
Enkei Wheels India Ltd.,IN,3050694
Vaibhav Edibles Private Limited,IN,3876061
Opelina Sustainable Services Private Limited,IN,3912036
I Fab Steel Private Limited,IN,6277087
Jhabua Power Limited,IN,3924773
Sangam Milk Producer Company Limited,IN,6619121
Fedders Electric and Engineering Ltd.,IN,1623024
Forbes Precision Tools and Machine Parts Ltd.,IN,14681136
UAB Autokausta Keliai,LT,9964532
UAB Holmbergs Safety System,LT,8421762
UAB Landmark Capital,LT,17123136
Kaefer UAB,LT,9392500
CCM Trading SIA,LV,8397480
Lapp Miltronic SIA,LV,8392863
Fixparts SIA,LV,12973325
"Tia Rosa, S.A. De C.V.",MX,12971825
"Grupo Financiero Aserta, S.A. De C.V.",MX,3552418
"Crabi, S.A. De C.V.",MX,14071407
Sime Darby Berhad,MY,2363441
Petronas Chemicals Group Berhad,MY,3055861
Ihh Healthcare Berhad,MY,3567702
Ytl Power International Berhad,MY,1663777
Igb Commercial Reit Capital Sdn. Bhd.,MY,16438987
Chin Teck Plantations Bhd,MY,1660636
Tiong Thye Company Sdn. Bhd.,MY,4197522
M & N Unic Sdn. Bhd.,MY,16416646
Innoprise Corporation Sdn. Bhd.,MY,4260658
Sonepar Malaysia Sdn. Bhd.,MY,4200820
Sin Siang Hin (M) Sdn Bhd.,MY,4182518
"Las Perlas Sur, S. De R.L.",PA,3949781
"3M Panama, S.A.",PA,3050596
Promerica Financial Corporation S.A.,PA,9925697
"Uep Penonome Ii, S.A.",PA,8345022
Brightstar Peru S.R.L.,PE,2025948
Cobriza Metals Peru S.A.C.,PE,2355997
Farmindustria S.A.,PE,2399377
Avanzit Peru S.A.C. in Liquidation,PE,2585365
Cetco S.A.,PE,2615511
Comsatel Peru S.A.C.,PE,1240153
Consorcio Naviero Peruano S.A.,PE,1240161
Bbva Asset Management Continental S.A.,PE,1240168
Depositos S.A.C.,PE,1240199
Nuevas Inversiones S.A.,PE,3939603
Electrica Cabo Blanco S.A.C.,PE,3939612
Erced S.A.C.,PE,3939613
Inversiones Portuarias S.A.,PE,3939620
Corporacion Pecsa S.A.,PE,3939623
Cumbres Andinas S.A.,PE,3939670
Cia. Minera Barbastro S.A.C.,PE,3939945
Minera Sillustani S.A.,PE,3939946
Parque El Golf S.A.C.,PE,3939948
"Fujihiro Philippines, Inc.",PH,1671827
Irma Fishing And Trading Inc.,PH,1672340
Multi Stores Corporation,PH,2117477
Platinum Group Metals Corporation,PH,2341491
Lunar Steel Corporation,PH,2624407
Household Dev. Corp.,PH,3294075
"B&M Global Services Manila, Inc.",PH,13784700
"E.F. Chua Construction, Inc.",PH,13787073
"B.M. Domingo Motor Sales, Inc.",PH,13788926
Boxtalks Inc.,PH,13792772
Sam Lim Corporation,PH,13797551
United Steel Master Mfg. Corp.,PH,13798819
Baek Geum Philippines Corp.,PH,13799257
"Golden Donuts, Inc.",PH,1671971
Splash Corporation,PH,1674676
Taiyo Yuden (Philippines) Inc.,PH,1674889
Citysuper Incorporated,PH,2618434
Comworks Inc.,PH,2618464
Prezero Malopolska Sp. z o.o.,PL,2011717
"Przedsiebiorstwo Handlowo - Uslugowe ""Mik"" Piosik sp. j.",PL,3373238
Enspirion Sp. z o.o.,PL,3719551
Climateo.Eu Sp. z o.o.,PL,3397094
Malis B.Machonski sp. k.,PL,4537712
Zdrojewscy Sp. z o.o. sp. k.,PL,3369574
Agricomm sp. j.,PL,3389509
Innowacyjna Platforma Handlu Sp. z o.o.,PL,4328657
Pw Wojciech Stanczak sp. k.,PL,13769878
"Cx80 Polska Agata Nadera, Dariusz Nadera sp. k.",PL,14023750
Kraft Global Logistics Sp. z o.o.,PL,13063052
Irma Tomasz Matoga sp. k.,PL,3379094
Avermann Polska Sp. z o.o.,PL,4132363
"Mymusic sp. k. Lupicki, Czysz",PL,14673963
Ters Sp. z o.o.,PL,16578486
Firma Budowlana Marek Antczak Sp. z o.o.,PL,14553933
"Hurtownia Lekow Weterynaryjnych ""Aga-Vet"" Piotr Kwiecinski & Agata Kwiecinska sp. j.",PL,7494787
"Kukje Plant Co., Ltd. (Sp. z o.o.) Oddzial W Polsce",PL,14093524
Fabryka Plastikow Kwidzyn Sp. z o.o.,PL,2006366
"""Sacar"" J.Cerna, Z.Cerny sp. j.",PL,3386764
Shoko Sp. z o.o.,PL,6952136
Karmina Sp. z o.o.,PL,4047698
Marketing I Konsultacje Farmaceutyczne Sp. z o.o.,PL,3377530
Slaskie Centrum Recyklingu Sp. z o.o.,PL,4421889
"""Firma Rozalczyk"" Sp. z o.o.",PL,3721154
Saatz Sp. z o.o.,PL,6967010
Namar Nawrocki sp. k.,PL,4338300
Mirrad Bieniek sp. j.,PL,12766569
Eutrader Andrzej Izert sp. k.,PL,13298866
Olesia Sp. z o.o.,PL,13770124
Nobilitat Sp. z o.o.,PL,3760061
Sherwin-Williams Balkan SRL,RO,3169265
Rotest SRL,RO,1493856
Grubhub Business Acceleration Technologies S.R.L.,RO,14666215
Agro Oil Service SRL,RO,2375159
Business Development Team SRL,RO,1472133
Jardine Cycle & Carriage Ltd,SG,1692224
Dbs Group Holdings Ltd,SG,1691061
Ripple Markets Apac Pte. Ltd.,SG,22250965
Bitmain Development Pte. Ltd.,SG,21683527
Fashion Choice Pte. Ltd.,SG,17388834
Jsw Steel Global Trade Pte. Ltd.,SG,16491654
Tolstar Investments Pte Ltd,SG,22251034
Zijin (Singapore) International Mining Pte. Ltd.,SG,22251510
Summer Bloom Investments (Ii) Pte. Ltd.,SG,22238441
General Atlantic Singapore Tt Pte. Ltd.,SG,22249634
Fusion Trade Pte. Ltd.,SG,7036119
Rui Chi Footwear Pte. Ltd.,SG,22241392
Hermine Wech-koroshka Perutnina D.o.o.,SI,8549778
Igepa Pako D.o.o.,SI,8545718
Clarios Slovakia Spol. S R.O.,SK,12958551
"T E M P O, Spol. S R.O.",SK,2334510
Mont Irp S.R.O.,SK,1545191
"Selyz - Nabytok, S.R.O.",SK,2441394
South City Development S.R.O.,SK,17435032
Bff Central Europe S.R.O.,SK,7477152
Betagro Pcl,TH,2115916
Thai Beverage Pcl,TH,2107053
Xtron Air-Conditioning Manufacture (Thailand) Company Limited,TH,13275032
Bjh Investment Company Limited,TH,7165374
M M Beverage Company Limited,TH,7120568
Zheng Tong International Freight Forwarding Company Limited,TH,16497340
Alexon Company Limited,TH,6709792
Kijjaroenchai Rungrueang Company Limited,TH,7176730
Phuchsuwan Rungrueang (Saraburi) Company Limited,TH,9323499
L. Lighting Glass Company Limited,TH,16494529
Gang Yan Diamond Tools (Thailand) Company Limited,TH,7134988
Tiangong Precision Tools (Thailand) Company Limited,TH,14622383
Shvydkyi Svit Tov,UA,8469958
Ercc Llc,UA,3589386
Zhtke Kp,UA,3589128
Stolychnyi Pekarnyi Dim Tov,UA,17440197
Movi Khels Tov,UA,4053286
Pivden Ahro Invest Tov,UA,9975374
Blok Treid Tov,UA,4052900
Treiding Prodakt Kompani TOV,UA,16982348
Floder S.A.,UY,6713115
Tran Bien Vn Production Trading Joint Stock Company.,VN,13183220
Huali Group Vietnam Company Limited,VN,17015631
Vietnam Heng Li New Materials Company Limited,VN,22210759
Nghia Tin Import - Export Company Limited,VN,22220638
"Ptm Automobile Service, Trading And Manufacturing Joint Stock Company",VN,2441492
Vietnam Hengxin New Material Technology Company Limited,VN,17016119
Suntone Technology Company Limited,VN,22205860
Cong Ty Tnhh Tap Oan Nguyen Quoc,VN,14052052
Hkb - Hoa Lu Paper Joint Stock Company,VN,22208957
Bbl Home New Materials Company Limited,VN,17034296
Apds Vietnam Limited,VN,13383223
Zn Asia Ltd.,VN,22215589
Co May Sa Dec Company Limited,VN,17009268
Cong Ty Tnhh Tap Oan Delta Thuy Si,VN,14829063
Sai Gon - Ha Tinh Beer One Member Company Limited,VN,9211127
"Dynaplast Packaging (Viet Nam) Co.,Ltd",VN,7383355
Ecopark Nomura Real Estate Joint Stock Company,VN,22211216
Vitalink Vietnam Company Limited,VN,14834587
Capitaland - Hien Duc Joint Stock Company,VN,14639616
Edgetel Viet Nam Company Limited,VN,17005985
Penta Ge.Co.Construction D.O.O.,YU,9037629
Hlm D.O.O.,YU,12957694
Auto Cacak Komerc D.O.O. Cacak,YU,2066732
Integrated Micro-Electronics D.O.O. Nis,YU,9981635
D Plus Proizvodnja I Distribucija D.O.O.,YU,3408484
Ino-Pharm D.O.O. Beograd,YU,2128272
Tridonic Srb D.O.O.,YU,10014161
Vorwerk Autotec Serbia D.O.O.,YU,12965280
Industrija Mesa Nedeljkovic D.O.O. Sasinci,YU,3407317
Soha Info D.O.O. Novi Banovci,YU,14810353
Obojeni Metali D.O.O. 2000 Bor,YU,6811165
Hypermax D.O.O. - U Likvidaciji,YU,21682136
Mm Trans Plus 2023 D.O.O.,YU,21674045
Webg D.O.O. Beograd,YU,9037413
