company_name,country,input_full_address,firm_id,input_industry
Xp Inc.,BR,,14784234,
Brf S.A.,BR,,1152650,
Jiangxi Provincial Water Conservancy Investment Group Corp.,CN,,16549598,
"Luohe Anzhe Construction Labor Service Subcontracting Co., Ltd",CN,,16353122,
Changbai Chaoxian Autonomous County Linfeng Fungus Co. Ltd,CN,,17150013,
"Longyan City Longdi Trading Co., Ltd",CN,,12271908,
"Tom YIN SENQI BIOTECHNOLOGY CO., LTD",CN,,17164127,
"Wuhan Shengxianghe Labor Service Engineering Co., Ltd",CN,,17165077,
"Nanchong Jinyirun Financial Information Co., Ltd",CN,,16372202,
Ada S.A.S.,CO,,1180469,
RWi Zrt.,HU,,2416351,
IST Ltd.,IN,,1624303,
CCM Trading SIA,LV,,8397480,
"Christus Muguerza, S.A.P.I. De C.V.",MX,,8327300,
Intel Semiconductores Del Peru S.A.,PE,,1240320,
Cia. Minera Condesa S.A.,PE,,3939602,
Nuevas Inversiones S.A.,PE,,3939603,
Electrica Cabo Blanco S.A.C.,PE,,3939612,
Palmas Del Oriente S.A.,PE,,3939615,
Inversiones Portuarias S.A.,PE,,3939620,
Minera Latinoamericana S.A.C. - Minlat S.A.C.,PE,,3939621,
Parque El Golf S.A.C.,PE,,3939948,
"Fujihiro Philippines, Inc.",PH,,1671827,
Platinum Group Metals Corporation,PH,,2341491,
B-Mirk Enterprises Corporation,PH,,13782667,
"Panasiatic Call Centers, Inc.",PH,,13786296,
"E.F. Chua Construction, Inc.",PH,,13787073,
"B.M. Domingo Motor Sales, Inc.",PH,,13788926,
Boxtalks Inc.,PH,,13792772,
"Handling Innovation, Inc.",PH,,13793054,
Fuji-Haya Electric Corporation Of The Philippines,PH,,13795549,
Sam Lim Corporation,PH,,13797551,
United Steel Master Mfg. Corp.,PH,,13798819,
Cdr P.S.A.,PL,,14746115,
Galvatek Polska Sp. z o.o.,PL,,3529762,
"""Firma Rozalczyk"" Sp. z o.o.",PL,,3721154,
Kopalnia Granitu Kamienna Gora - Celiny Sp. z o.o.,PL,,4438864,
Infatech Sp. z o.o.,PL,,13498635,
Electroban S.A.E.C.A.,PY,,2644146,
Frigorifico Concepcion S.A.,PY,,2644165,
Aeronamic Eastern Europe SRL,RO,,4283422,
Expotehnica SRL,RO,,1478964,
Rubian Company SRL,RO,,3153836,
Straco Holding S.R.L.,RO,,14156239,
United Energy S.R.L.,RO,,18226980,
Titanic Grup SRL,RO,,4278388,
Agro Oil Service SRL,RO,,2375159,
Wilmar International Limited,SG,,1691408,
Flex Limited,SG,,3698940,
Dbs Group Holdings Ltd,SG,,1691061,
China Aviation Oil (Singapore) Corp Ltd,SG,,1690730,
Bitmain Development Pte. Ltd.,SG,,21683527,
Fashion Choice Pte. Ltd.,SG,,17388834,
Chanhua Pte. Ltd.,SG,,22250860,
Tolstar Investments Pte Ltd,SG,,22251034,
Great Teco Motor (Pte) Ltd.,SG,,22247038,
Springhead Holdings Pte. Ltd.,SG,,22240505,
Hella Infra Market Singapore Pte. Ltd.,SG,,17411647,
Rui Chi Footwear Pte. Ltd.,SG,,22241392,
Vena Global Group Pte. Ltd.,SG,,22246534,
Cube Technology Pte. Ltd.,SG,,22245165,
Hng D.o.o.,SI,,8559678,
Pet Pak D.o.o.,SI,,8563452,
Ges D.o.o.,SI,,8554061,
Igepa Pako D.o.o.,SI,,8545718,
Alpha Real D.O.O.,SI,,8550814,
Vitapharm D.O.O. - V Likvidaciji,SI,,3640889,
"Havas Media Slovakia, S. R. O.",SK,,7474123,
Rittal S.R.O.,SK,,4889224,
Clarios Slovakia Spol. S R.O.,SK,,12958551,
"Albi, S.R.O.",SK,,2405676,
Aon Bratislava S.R.O.,SK,,4888887,
Steelberry S. R. O.,SK,,4898692,
"T E M P O, Spol. S R.O.",SK,,2334510,
Ascendum Stavebne Stroje Slovensko S. R. O.,SK,,4886058,
Skf Slovensko Spol. S R.O.,SK,,7475164,
Mont Irp S.R.O.,SK,,1545191,
"Selyz - Nabytok, S.R.O.",SK,,2441394,
South City Development S.R.O.,SK,,17435032,
"Rosero - Distri, S. R. O.",SK,,16988427,
Cps Components S.R.O.,SK,,4888574,
Bff Central Europe S.R.O.,SK,,7477152,
Kingspan Light + Air Production Svk S.R.O.,SK,,7484405,
"Poradca Podnikatela, Spol. S R.O.",SK,,2114259,
"Namex,S.R.O.",SK,,4887231,
Scg Packaging Pcl,TH,,4169818,
Betagro Pcl,TH,,2115916,
Siamgas And Petrochemicals Pcl,TH,,2401318,
Thaifoods Group Pcl,TH,,4076585,
Central Pattana Pcl,TH,,1700427,
Asia Aviation Pcl,TH,,3525228,
Ratch Group Public Company Limited,TH,,1701775,
Thoresen Thai Agencies Pcl,TH,,1702625,
Dohome Public Company Limited,TH,,3769621,
Ptt Pcl,TH,,1701753,
Charoen Pokphand Foods Pcl,TH,,1700450,
Thai Beverage Pcl,TH,,2107053,
Irpc Pcl,TH,,1702447,
Bangchak Sriracha Public Company Limited,TH,,2102737,
Advanced Info Service Pcl,TH,,1700045,
Banpu Pcl,TH,,1700279,
Bangkok Bank Pcl,TH,,1700227,
Cal-Comp Electronics (Thailand) Pcl,TH,,1700383,
Thai Union Group Pcl,TH,,1702522,
Xtron Air-Conditioning Manufacture (Thailand) Company Limited,TH,,13275032,
Vichitbhan Palmoil Pcl,TH,,3770576,
Bjh Investment Company Limited,TH,,7165374,
M M Beverage Company Limited,TH,,7120568,
Zheng Tong International Freight Forwarding Company Limited,TH,,16497340,
Alexon Company Limited,TH,,6709792,
Loamruk Thanya Company Limited,TH,,7156735,
Siam Infinity Foods Company Limited,TH,,7184605,
Bangkok Drugstore Company Limited,TH,,6708841,
Kijjaroenchai Rungrueang Company Limited,TH,,7176730,
Phuchsuwan Rungrueang (Saraburi) Company Limited,TH,,9323499,
L. Lighting Glass Company Limited,TH,,16494529,
Tomograph Company Limited,TH,,7079908,
Gang Yan Diamond Tools (Thailand) Company Limited,TH,,7134988,
Seacon Bangkae Company Limited,TH,,7080829,
Fes International (Thailand) Company Limited,TH,,14060026,
Tiangong Precision Tools (Thailand) Company Limited,TH,,14622383,
Kurashiki Siam Rubber Company Limited,TH,,7161954,
Kisco (T) Limited,TH,,7109540,
Farmatsiia Poltavy Tov,UA,,13247250,
Shvydkyi Svit Tov,UA,,8469958,
Ercc Llc,UA,,3589386,
Zhtke Kp,UA,,3589128,
Stolychnyi Pekarnyi Dim Tov,UA,,17440197,
Sook S Tov,UA,,14838604,
Flashcom Ukraine LLC,UA,,21595170,
Movi Khels Tov,UA,,4053286,
Blok Treid Tov,UA,,4052900,
Karpatyavtotsentr Tov,UA,,3588404,
Treiding Prodakt Kompani TOV,UA,,16982348,
Fc Delta + Finance Llc Llc,UA,,17034264,
Tt. Tov,UA,,17412896,
!fcm Llc,UA,,17417546,
Alcon Laboratorios Uruguay S.A.,UY,,2028261,
Frigorifico Carrasco S.A.,UY,,1260157,
Linh Huong Production Trading Company Limited,VN,,9237237,
Duong Hieu Trading And Mining Joint Stock Company,VN,,3744677,
Huali Group Vietnam Company Limited,VN,,17015631,
S.I.M. Vn Corporation,VN,,22211793,
Nghia Tin Import - Export Company Limited,VN,,22220638,
"Ptm Automobile Service, Trading And Manufacturing Joint Stock Company",VN,,2441492,
Vicem Energy And Enviroment Joint Stock Company,VN,,2387594,
Vietnam Hengxin New Material Technology Company Limited,VN,,17016119,
Suntone Technology Company Limited,VN,,22205860,
Ly Tan Tai Limited Company,VN,,9205379,
Cong Ty Tnhh Tap Oan Nguyen Quoc,VN,,14052052,
Hkb - Hoa Lu Paper Joint Stock Company,VN,,22208957,
Nam Son Company Limited,VN,,9199552,
Bbl Home New Materials Company Limited,VN,,17034296,
Apds Vietnam Limited,VN,,13383223,
Zn Asia Ltd.,VN,,22215589,
Tan Phat Agriculture And Forestry Company Limited,VN,,14814486,
Trung Nam Trading Company Limited,VN,,9225577,
Nam Dinh Vu Port Joint Stock Company,VN,,7385501,
Co May Sa Dec Company Limited,VN,,17009268,
"Nikkiso Vietnam, Inc",VN,,7351710,
Cong Ty Tnhh Tap Oan Delta Thuy Si,VN,,14829063,
Sai Gon - Ha Tinh Beer One Member Company Limited,VN,,9211127,
"Given Imaging Vietnam Co., Ltd",VN,,7371416,
Kim Tin Flooring Corporation,VN,,12860923,
"Vexos Vietnam Co., Ltd",VN,,13183321,
"Dynaplast Packaging (Viet Nam) Co.,Ltd",VN,,7383355,
Newfeed Agricultural Investment And Trading Joint Stock Company,VN,,14842929,
Ecopark Nomura Real Estate Joint Stock Company,VN,,22211216,
Vitalink Vietnam Company Limited,VN,,14834587,
"Panasonic System Networks Vietnam Co., Ltd",VN,,7354038,
Goertek Electronics Vietnam Company Limited,VN,,22211055,
Phat Dat Real Estate Investment And Development Company Limited,VN,,22218965,
Mi Hong Ba Chieu Company Limited,VN,,22217019,
Hop Luc Electromechanical Joint Stock Company,VN,,14062724,
Capitaland - Hien Duc Joint Stock Company,VN,,14639616,
Edgetel Viet Nam Company Limited,VN,,17005985,
Nam Hung Metal Joint Stock Company,VN,,9260673,
Penta Ge.Co.Construction D.O.O.,YU,,9037629,
Hlm D.O.O.,YU,,12957694,
Auto Cacak Komerc D.O.O. Cacak,YU,,2066732,
Integrated Micro-Electronics D.O.O. Nis,YU,,9981635,
D Plus Proizvodnja I Distribucija D.O.O.,YU,,3408484,
Ino-Pharm D.O.O. Beograd,YU,,2128272,
Tridonic Srb D.O.O.,YU,,10014161,
Vorwerk Autotec Serbia D.O.O.,YU,,12965280,
Industrija Mesa Nedeljkovic D.O.O. Sasinci,YU,,3407317,
Soha Info D.O.O. Novi Banovci,YU,,14810353,
Obojeni Metali D.O.O. 2000 Bor,YU,,6811165,
Hypermax D.O.O. - U Likvidaciji,YU,,21682136,
Mm Trans Plus 2023 D.O.O.,YU,,21674045,
Webg D.O.O. Beograd,YU,,9037413,
